thread,first_touch,compact,balanced,scattered,config_ID,cnv_step,phi_final,matched,runtime_1,runtime_2,runtime_3,runtime_4,runtime_5,runtime_avg
2,False,False,False,True,0,826,14598.31,True,15.29076,15.27264,15.55019,15.42347,15.35292,15.377996
4,False,False,False,True,0,826,14598.31,True,8.094475,8.251851,8.172144,8.071005,8.109877,8.139870399999998
6,False,False,False,True,0,826,14598.31,True,5.696318,5.693377,5.665661,5.703872,5.691965,5.6902386
8,False,False,False,True,0,826,14598.31,True,4.330424,4.390213,4.374191,4.38716,4.415914,4.3795804
10,False,False,False,True,0,826,14598.31,True,3.649142,3.659195,3.639218,3.60985,3.650046,3.6414902
12,False,False,False,True,0,826,14598.31,True,3.29381,3.202245,3.212132,3.19884,3.235012,3.2284078000000003
14,False,False,False,True,0,826,14598.31,True,2.893615,2.896727,2.851133,2.874726,2.880572,2.8793546
16,False,False,False,True,0,826,14598.31,True,2.732242,2.726435,2.732316,2.722579,2.726681,2.7280505999999995
18,False,False,False,True,0,826,14598.31,True,2.592784,2.617512,2.585692,2.619219,2.594836,2.6020086
20,False,False,False,True,0,826,14598.31,True,2.557554,2.554415,2.575768,2.544129,2.524656,2.5513044
22,False,False,False,True,0,826,14598.31,True,2.566319,2.51307,2.504992,2.480703,2.552273,2.5234714
24,False,False,False,True,0,826,14598.31,True,2.528791,2.600546,2.533772,2.487885,2.416733,2.5135453999999995
26,False,False,False,True,0,826,14598.31,True,2.400959,2.419717,2.418928,2.433607,2.455934,2.425829
28,False,False,False,True,0,826,14598.31,True,2.380283,2.352646,2.469894,2.388001,2.431832,2.4045312
30,False,False,False,True,0,826,14598.31,True,2.414895,2.382567,2.342906,2.364841,2.396984,2.3804386
32,False,False,False,True,0,826,14598.31,True,2.371157,2.386491,2.296157,2.351766,2.392638,2.3596418
34,False,False,False,True,0,826,14598.31,True,2.365987,2.364171,2.387259,2.362763,2.333414,2.3627188
36,False,False,False,True,0,826,14598.31,True,2.406557,2.328196,2.391805,2.28289,2.359981,2.3538858
38,False,False,False,True,0,826,14598.31,True,2.333263,2.321672,2.299271,2.337577,2.355981,2.3295528
40,False,False,False,True,0,826,14598.31,True,2.32855,2.367631,2.3185,2.323557,2.334897,2.334627
42,False,False,False,True,0,826,14598.31,True,2.341055,2.312938,2.405519,2.28561,2.330576,2.3351396
44,False,False,False,True,0,826,14598.31,True,2.36115,2.346012,2.28331,2.310759,2.289147,2.3180756
46,False,False,False,True,0,826,14598.31,True,2.313631,2.37486,2.301826,2.309821,2.326769,2.3253814000000004
48,False,False,False,True,0,826,14598.31,True,2.401899,2.334166,2.370713,2.319669,2.302345,2.3457584
50,False,False,False,True,0,826,14598.31,True,2.317988,2.33455,2.238004,2.270196,2.289681,2.2900838
52,False,False,False,True,0,826,14598.31,True,2.316862,2.352347,2.34787,2.327017,2.355176,2.3398544
54,False,False,False,True,0,826,14598.31,True,2.413075,2.358055,2.441754,2.390472,2.477686,2.4162083999999995
56,False,False,False,True,0,826,14598.31,True,2.48757,2.402578,2.451667,2.600144,2.485515,2.4854948
2,False,False,True,False,0,826,14598.31,True,15.36325,15.60432,15.30867,15.24004,15.32513,15.368282
4,False,False,True,False,0,826,14598.31,True,7.966267,8.135826,8.119244,7.973055,7.92375,8.0236284
6,False,False,True,False,0,826,14598.31,True,5.627995,5.573481,5.598598,5.593462,5.581187,5.5949446
8,False,False,True,False,0,826,14598.31,True,4.311652,4.367184,4.317702,4.394401,4.346358,4.347459400000001
10,False,False,True,False,0,826,14598.31,True,3.551385,3.543373,3.532672,3.524136,3.557065,3.5417262000000003
12,False,False,True,False,0,826,14598.31,True,3.071774,3.030536,3.063352,3.096455,3.05358,3.0631394000000003
14,False,False,True,False,0,826,14598.31,True,2.777234,2.792037,2.767197,2.843738,2.763281,2.7886974
16,False,False,True,False,0,826,14598.31,True,2.586979,2.581084,2.580849,2.614897,2.580335,2.5888288
18,False,False,True,False,0,826,14598.31,True,2.453873,2.40426,2.423293,2.469229,2.436212,2.4373734
20,False,False,True,False,0,826,14598.31,True,2.365691,2.35231,2.347128,2.379695,2.379198,2.3648044
22,False,False,True,False,0,826,14598.31,True,2.314719,2.292174,2.317727,2.310382,2.311077,2.3092158000000005
24,False,False,True,False,0,826,14598.31,True,2.283465,2.251208,2.241981,2.252861,2.280443,2.2619916
26,False,False,True,False,0,826,14598.31,True,2.233135,2.218014,2.196727,2.18829,2.219493,2.2111318
28,False,False,True,False,0,826,14598.31,True,2.198714,2.20144,2.194894,2.158698,2.181078,2.1869648
30,False,False,True,False,0,826,14598.31,True,2.144811,2.140415,2.17718,2.169039,2.177052,2.1616994
32,False,False,True,False,0,826,14598.31,True,2.128752,2.145246,2.120334,2.155148,2.158715,2.141639
34,False,False,True,False,0,826,14598.31,True,2.114354,2.127926,2.128486,2.127804,2.126791,2.1250721999999995
36,False,False,True,False,0,826,14598.31,True,2.067602,2.142212,2.082719,2.079202,2.145482,2.1034434
38,False,False,True,False,0,826,14598.31,True,2.166065,2.086848,2.105883,2.096494,2.073427,2.1057434
40,False,False,True,False,0,826,14598.31,True,2.099025,2.074808,2.087609,2.04724,2.136854,2.0891072
42,False,False,True,False,0,826,14598.31,True,2.074177,2.094642,2.063599,2.099209,2.090279,2.0843812
44,False,False,True,False,0,826,14598.31,True,2.129314,2.052857,2.050968,2.046643,2.062929,2.0685422000000004
46,False,False,True,False,0,826,14598.31,True,2.063264,2.061348,2.038214,2.067159,2.099396,2.0658762000000004
48,False,False,True,False,0,826,14598.31,True,2.002175,2.004597,2.018129,2.026896,2.007722,2.0119038
50,False,False,True,False,0,826,14598.31,True,1.960406,1.994605,1.998681,2.048188,1.996557,1.9996874
52,False,False,True,False,0,826,14598.31,True,2.008608,2.039582,2.000012,2.041356,2.002995,2.0185106
54,False,False,True,False,0,826,14598.31,True,2.001451,1.991125,1.961879,2.000163,1.987565,1.9884366
56,False,False,True,False,0,826,14598.31,True,1.964825,2.006059,2.040696,1.972324,2.020562,2.0008932
2,False,True,False,False,0,826,14598.31,True,16.39332,16.32726,16.31623,16.36731,16.26713,16.334250000000004
4,False,True,False,False,0,826,14598.31,True,8.703516,8.72414,8.706932,8.686735,8.767036,8.7176718
6,False,True,False,False,0,826,14598.31,True,6.020348,6.097723,6.03043,6.016551,6.009622,6.0349348
8,False,True,False,False,0,826,14598.31,True,4.815188,4.822743,4.86337,4.818407,4.84484,4.832909599999999
10,False,True,False,False,0,826,14598.31,True,4.385697,4.481029,4.170777,4.178729,4.145464,4.2723392
12,False,True,False,False,0,826,14598.31,True,3.820462,3.778853,4.171104,3.838828,4.127918,3.947433
14,False,True,False,False,0,826,14598.31,True,3.751735,3.679592,3.760646,3.647591,3.606413,3.6891954
16,False,True,False,False,0,826,14598.31,True,3.6529,3.763335,3.705008,3.544896,3.730131,3.679254
18,False,True,False,False,0,826,14598.31,True,3.668758,3.711428,3.33539,3.363841,3.412236,3.4983306
20,False,True,False,False,0,826,14598.31,True,3.340739,3.309389,3.383039,3.315488,3.253601,3.3204512
22,False,True,False,False,0,826,14598.31,True,3.246301,3.209122,3.22935,3.222745,3.223707,3.226245
24,False,True,False,False,0,826,14598.31,True,3.191335,3.167208,3.12799,3.145039,3.511445,3.2286034
26,False,True,False,False,0,826,14598.31,True,3.081228,3.068677,3.136992,3.057904,3.107838,3.0905278000000003
28,False,True,False,False,0,826,14598.31,True,3.136671,3.156911,3.107784,3.153144,3.127903,3.1364826
30,False,True,False,False,0,826,14598.31,True,2.740506,2.726399,2.703073,2.746015,2.766473,2.7364932
32,False,True,False,False,0,826,14598.31,True,2.561688,2.565654,3.020207,2.611176,2.562506,2.6642462
34,False,True,False,False,0,826,14598.31,True,2.39435,2.399395,2.33957,2.360505,2.430839,2.3849318
36,False,True,False,False,0,826,14598.31,True,2.603644,2.325339,2.273579,2.326472,2.385532,2.3829132
38,False,True,False,False,0,826,14598.31,True,2.236237,2.241331,2.247314,2.266182,2.233586,2.24493
40,False,True,False,False,0,826,14598.31,True,2.299718,2.164868,2.145997,2.171184,2.224834,2.2013202
42,False,True,False,False,0,826,14598.31,True,2.149031,2.192151,2.155306,2.313712,2.255185,2.213077
44,False,True,False,False,0,826,14598.31,True,2.051972,2.121063,2.054487,2.08036,2.114998,2.084576
46,False,True,False,False,0,826,14598.31,True,1.997594,2.033359,2.067829,2.043805,2.084783,2.045474
48,False,True,False,False,0,826,14598.31,True,2.022095,1.972294,2.027724,1.980614,2.029445,2.0064344
50,False,True,False,False,0,826,14598.31,True,1.947087,2.05454,2.041263,1.99495,1.998107,2.0071894
52,False,True,False,False,0,826,14598.31,True,2.017125,1.984594,2.003714,1.942441,1.99088,1.9877508
54,False,True,False,False,0,826,14598.31,True,2.044574,1.913297,1.968294,1.971482,1.965815,1.9726924
56,False,True,False,False,0,826,14598.31,True,2.010601,2.038644,1.939785,2.05899,1.931678,1.9959396
2,True,True,False,False,1,826,14598.31,True,16.7691,16.8046,17.18511,17.25587,17.3411,17.071156
4,True,True,False,False,1,826,14598.31,True,8.851597,8.875861,8.886623,9.011794,8.943006,8.913776200000001
6,True,True,False,False,1,826,14598.31,True,6.15432,6.148879,6.216749,6.300094,6.201416,6.2042916
8,True,True,False,False,1,826,14598.31,True,4.953942,4.992452,5.136821,5.064595,5.086437,5.0468494
10,True,True,False,False,1,826,14598.31,True,4.220441,4.167092,4.207022,4.188079,4.220721,4.200671000000001
12,True,True,False,False,1,826,14598.31,True,3.864636,3.861094,3.855156,3.852075,3.897741,3.8661404
14,True,True,False,False,1,826,14598.31,True,3.99302,3.751675,3.633026,3.666328,3.6982,3.7484498
16,True,True,False,False,1,826,14598.31,True,3.530985,3.536688,3.632686,3.506032,3.803523,3.6019828
18,True,True,False,False,1,826,14598.31,True,3.721173,3.742608,3.463866,3.518222,3.554654,3.6001046000000003
20,True,True,False,False,1,826,14598.31,True,3.2847,3.295387,3.295756,3.365664,3.300348,3.308371
22,True,True,False,False,1,826,14598.31,True,3.198947,3.176857,3.291613,3.550632,3.262964,3.2962026
24,True,True,False,False,1,826,14598.31,True,3.183622,3.207325,3.18832,3.20122,3.227489,3.2015952
26,True,True,False,False,1,826,14598.31,True,3.47012,3.074738,3.496683,3.103687,3.093156,3.2476768
28,True,True,False,False,1,826,14598.31,True,3.426832,3.07474,3.068833,3.079015,3.107495,3.151383
30,True,True,False,False,1,826,14598.31,True,2.781837,2.715583,3.137772,2.725176,2.725471,2.8171678
32,True,True,False,False,1,826,14598.31,True,2.594759,2.575181,2.494163,2.580666,2.618192,2.5725922000000003
34,True,True,False,False,1,826,14598.31,True,2.358048,2.388854,2.411437,2.43065,2.388549,2.3955076
36,True,True,False,False,1,826,14598.31,True,2.309849,2.289164,2.308169,2.325409,2.280354,2.302589
38,True,True,False,False,1,826,14598.31,True,2.242845,2.302967,2.200875,2.249238,2.236899,2.2465648000000003
40,True,True,False,False,1,826,14598.31,True,2.371007,2.247144,2.217521,2.182936,2.231509,2.2500234
42,True,True,False,False,1,826,14598.31,True,2.161314,2.221448,2.194151,2.317185,2.30743,2.2403056
44,True,True,False,False,1,826,14598.31,True,2.097623,2.164454,2.157176,2.090806,2.168444,2.1357006
46,True,True,False,False,1,826,14598.31,True,2.109558,2.137175,2.164504,2.091285,2.10325,2.1211544
48,True,True,False,False,1,826,14598.31,True,2.196392,2.021251,2.167812,2.057889,2.110905,2.1108498
50,True,True,False,False,1,826,14598.31,True,2.085891,2.066076,2.03085,2.02877,2.159696,2.0742566
52,True,True,False,False,1,826,14598.31,True,2.059478,1.971563,1.989008,1.986316,2.031989,2.0076708
54,True,True,False,False,1,826,14598.31,True,2.000021,1.980552,2.044558,1.99832,1.967031,1.9980964
56,True,True,False,False,1,826,14598.31,True,2.036142,2.056603,2.05203,2.059679,2.115051,2.0639009999999995
2,True,False,True,False,1,826,14598.31,True,15.66444,15.29722,15.18322,15.49866,15.34223,15.397154
4,True,False,True,False,1,826,14598.31,True,8.030508,8.006698,8.093895,8.070762,8.101295,8.060631599999999
6,True,False,True,False,1,826,14598.31,True,5.562104,5.654963,5.591858,5.580534,5.674223,5.6127364
8,True,False,True,False,1,826,14598.31,True,4.316985,4.302603,4.324751,4.318959,4.410897,4.334839
10,True,False,True,False,1,826,14598.31,True,3.550535,3.546622,3.569468,3.584019,3.543802,3.5588892000000003
12,True,False,True,False,1,826,14598.31,True,3.07273,3.047104,3.06072,3.072287,3.095713,3.0697108
14,True,False,True,False,1,826,14598.31,True,2.763537,2.770589,2.767649,2.77285,2.773776,2.7696802000000003
16,True,False,True,False,1,826,14598.31,True,2.587885,2.588194,2.583997,2.621808,2.579925,2.5923618
18,True,False,True,False,1,826,14598.31,True,2.46001,2.466529,2.443437,2.477811,2.448714,2.4593002
20,True,False,True,False,1,826,14598.31,True,2.374895,2.393787,2.407498,2.373872,2.356617,2.3813338
22,True,False,True,False,1,826,14598.31,True,2.338349,2.324982,2.37496,2.320982,2.349093,2.3416732
24,True,False,True,False,1,826,14598.31,True,2.277461,2.244503,2.279701,2.258347,2.239159,2.2598342
26,True,False,True,False,1,826,14598.31,True,2.290246,2.262216,2.255123,2.234416,2.268955,2.2621912
28,True,False,True,False,1,826,14598.31,True,2.24285,2.249883,2.260518,2.262895,2.241125,2.2514542
30,True,False,True,False,1,826,14598.31,True,2.173036,2.215164,2.191706,2.17855,2.190988,2.1898888
32,True,False,True,False,1,826,14598.31,True,2.174772,2.173921,2.200131,2.199036,2.222224,2.1940168
34,True,False,True,False,1,826,14598.31,True,2.195076,2.181935,2.261724,2.236569,2.18194,2.2114488000000003
36,True,False,True,False,1,826,14598.31,True,2.139897,2.132783,2.15244,2.122845,2.153608,2.1403146
38,True,False,True,False,1,826,14598.31,True,2.125998,2.134427,2.143889,2.102927,2.166486,2.1347454
40,True,False,True,False,1,826,14598.31,True,2.133963,2.128282,2.222072,2.186222,2.170163,2.1681404
42,True,False,True,False,1,826,14598.31,True,2.146828,2.150371,2.165388,2.147811,2.156518,2.1533832
44,True,False,True,False,1,826,14598.31,True,2.124549,2.189098,2.201713,2.096902,2.12336,2.1471244
46,True,False,True,False,1,826,14598.31,True,2.073719,2.149396,2.118682,2.076389,2.121193,2.1078757999999995
48,True,False,True,False,1,826,14598.31,True,2.087059,2.063217,2.035594,2.091563,2.123586,2.0802038
50,True,False,True,False,1,826,14598.31,True,2.120863,2.154197,2.187709,2.082673,2.081708,2.12543
52,True,False,True,False,1,826,14598.31,True,2.080168,2.063013,2.061762,2.131159,2.06863,2.0809464
54,True,False,True,False,1,826,14598.31,True,2.069282,2.08243,2.05284,2.021316,2.080743,2.0613222
56,True,False,True,False,1,826,14598.31,True,2.062497,2.039867,2.118373,2.082055,2.040779,2.0687142
2,True,False,False,True,1,826,14598.31,True,15.50098,15.6677,15.73726,15.90573,15.58821,15.679976
4,True,False,False,True,1,826,14598.31,True,8.327505,8.136149,8.09754,8.145721,8.348289,8.211040800000001
6,True,False,False,True,1,826,14598.31,True,5.815951,5.765158,5.779479,5.809346,5.811917,5.7963702
8,True,False,False,True,1,826,14598.31,True,4.445843,4.616021,4.423917,4.419567,4.436016,4.468272799999999
10,True,False,False,True,1,826,14598.31,True,3.75529,3.700738,3.705893,3.721393,3.705528,3.7177684
12,True,False,False,True,1,826,14598.31,True,3.26419,3.318408,3.227204,3.22563,3.246264,3.2563392
14,True,False,False,True,1,826,14598.31,True,2.995197,2.938441,2.917298,2.951412,2.922289,2.9449274
16,True,False,False,True,1,826,14598.31,True,2.796052,2.780752,2.798943,2.767303,2.729712,2.7745524
18,True,False,False,True,1,826,14598.31,True,2.668555,2.640851,2.64872,2.672523,2.634957,2.6531212
20,True,False,False,True,1,826,14598.31,True,2.597366,2.534951,2.542676,2.562321,2.58157,2.5637768000000003
22,True,False,False,True,1,826,14598.31,True,2.510809,2.57375,2.551057,2.539153,2.507982,2.5365502
24,True,False,False,True,1,826,14598.31,True,2.544613,2.532235,2.61985,2.495663,2.438177,2.5261076
26,True,False,False,True,1,826,14598.31,True,2.506497,2.46219,2.436397,2.454095,2.445561,2.460948
28,True,False,False,True,1,826,14598.31,True,2.523611,2.48486,2.45802,2.392512,2.414481,2.4546968
30,True,False,False,True,1,826,14598.31,True,2.386682,2.39194,2.430047,2.351947,2.411439,2.394411
32,True,False,False,True,1,826,14598.31,True,2.344827,2.469284,2.386736,2.396369,2.371413,2.3937258
34,True,False,False,True,1,826,14598.31,True,2.355228,2.374224,2.323932,2.360971,2.358694,2.3546098
36,True,False,False,True,1,826,14598.31,True,2.499304,2.416533,2.547421,2.425255,2.410327,2.459768
38,True,False,False,True,1,826,14598.31,True,2.487535,2.534167,2.459201,2.398251,2.470807,2.4699922
40,True,False,False,True,1,826,14598.31,True,2.465823,2.373736,2.391092,2.34409,2.463721,2.4076924
42,True,False,False,True,1,826,14598.31,True,2.473615,2.421931,2.734903,2.511072,2.416707,2.5116456
44,True,False,False,True,1,826,14598.31,True,2.462548,2.385753,2.389481,2.432368,2.400606,2.4141512
46,True,False,False,True,1,826,14598.31,True,2.423279,2.329514,2.353496,2.466634,2.331891,2.3809628
48,True,False,False,True,1,826,14598.31,True,2.422496,2.497192,2.382818,2.415557,2.469153,2.4374432
50,True,False,False,True,1,826,14598.31,True,2.446833,2.481772,2.569765,2.375726,2.415991,2.4580174
52,True,False,False,True,1,826,14598.31,True,2.464074,2.522947,2.435579,2.362917,2.463932,2.4498898
54,True,False,False,True,1,826,14598.31,True,2.423517,2.576543,2.414067,2.409297,2.630375,2.4907598
56,True,False,False,True,1,826,14598.31,True,2.565429,2.52228,2.721194,2.421144,2.468884,2.5397862000000004
2,True,False,True,False,2,826,14598.31,True,15.56542,15.76459,15.75495,15.62756,15.59861,15.662226
4,True,False,True,False,2,826,14598.31,True,8.067773,8.152212,8.088395,8.047101,8.196059,8.110308
6,True,False,True,False,2,826,14598.31,True,5.735914,5.68419,5.717478,5.704453,5.686285,5.7056640000000005
8,True,False,True,False,2,826,14598.31,True,4.377784,4.447983,4.41281,4.389678,4.370236,4.3996982
10,True,False,True,False,2,826,14598.31,True,3.633531,3.62881,3.634282,3.591973,3.582616,3.6142424
12,True,False,True,False,2,826,14598.31,True,3.14212,3.148298,3.103058,3.118046,3.215581,3.1454206
14,True,False,True,False,2,826,14598.31,True,2.818709,2.863741,2.833918,2.818454,2.806506,2.8282656
16,True,False,True,False,2,826,14598.31,True,2.646865,2.648067,2.614416,2.639101,2.606423,2.6309744
18,True,False,True,False,2,826,14598.31,True,2.491181,2.500417,2.500314,2.5341,2.556934,2.5165892
20,True,False,True,False,2,826,14598.31,True,2.384739,2.400649,2.367127,2.427452,2.381618,2.392317
22,True,False,True,False,2,826,14598.31,True,2.355768,2.417476,2.376645,2.332525,2.388662,2.3742152
24,True,False,True,False,2,826,14598.31,True,2.375278,2.347592,2.411587,2.313803,2.334537,2.3565594000000005
26,True,False,True,False,2,826,14598.31,True,2.319704,2.276081,2.280304,2.295418,2.283803,2.291062
28,True,False,True,False,2,826,14598.31,True,2.297769,2.2947,2.298865,2.251051,2.277574,2.2839918
30,True,False,True,False,2,826,14598.31,True,2.230048,2.230832,2.239873,2.281972,2.222716,2.2410882
32,True,False,True,False,2,826,14598.31,True,2.227546,2.210372,2.173102,2.201487,2.301042,2.2227098
34,True,False,True,False,2,826,14598.31,True,2.188933,2.246029,2.228387,2.200208,2.191619,2.2110352
36,True,False,True,False,2,826,14598.31,True,2.183765,2.183127,2.222391,2.239993,2.158396,2.1975344
38,True,False,True,False,2,826,14598.31,True,2.189902,2.16143,2.218331,2.149979,2.16331,2.1765904
40,True,False,True,False,2,826,14598.31,True,2.147455,2.18971,2.150318,2.171704,2.171586,2.1661546
42,True,False,True,False,2,826,14598.31,True,2.206056,2.162608,2.194582,2.174947,2.202389,2.1881164
44,True,False,True,False,2,826,14598.31,True,2.158222,2.164089,2.137741,2.159973,2.177681,2.1595412
46,True,False,True,False,2,826,14598.31,True,2.103266,2.082913,2.115652,2.105922,2.09846,2.1012426
48,True,False,True,False,2,826,14598.31,True,2.160689,2.064873,2.153066,2.201908,2.179872,2.1520816
50,True,False,True,False,2,826,14598.31,True,2.081889,2.086194,2.083984,2.073936,2.088796,2.0829598000000003
52,True,False,True,False,2,826,14598.31,True,2.106665,2.103101,2.08969,2.101901,2.116231,2.1035176
54,True,False,True,False,2,826,14598.31,True,2.048275,2.073023,2.083879,2.231515,2.085956,2.1045296
56,True,False,True,False,2,826,14598.31,True,2.011345,2.058258,2.150109,2.039857,2.042686,2.060451
2,True,False,True,False,3,826,14598.31,True,15.8153,15.63935,15.60753,15.6244,15.48541,15.634398
4,True,False,True,False,3,826,14598.31,True,8.100342,8.028718,8.089256,8.044418,8.054292,8.0634052
6,True,False,True,False,3,826,14598.31,True,5.726369,5.696718,5.680316,5.660896,5.683904,5.6896406
8,True,False,True,False,3,826,14598.31,True,4.393453,4.460134,4.487751,4.41903,4.45653,4.4433796
10,True,False,True,False,3,826,14598.31,True,3.606627,3.645679,3.592772,3.63148,3.622849,3.6198814
12,True,False,True,False,3,826,14598.31,True,3.12116,3.094086,3.096853,3.123802,3.151129,3.117406
14,True,False,True,False,3,826,14598.31,True,2.831778,2.842537,2.774217,2.799303,2.808688,2.8113046
16,True,False,True,False,3,826,14598.31,True,2.610803,2.603092,2.640023,2.614739,2.606622,2.6150558
18,True,False,True,False,3,826,14598.31,True,2.475869,2.468145,2.489615,2.450649,2.536849,2.4842254
20,True,False,True,False,3,826,14598.31,True,2.390182,2.371598,2.384913,2.405234,2.461605,2.4027064
22,True,False,True,False,3,826,14598.31,True,2.355136,2.357315,2.322797,2.33563,2.351717,2.344519
24,True,False,True,False,3,826,14598.31,True,2.278991,2.256677,2.258988,2.356673,2.325063,2.2952784
26,True,False,True,False,3,826,14598.31,True,2.231477,2.240787,2.268223,2.243991,2.253174,2.2475304
28,True,False,True,False,3,826,14598.31,True,2.21148,2.195995,2.211785,2.158914,2.196524,2.1949396
30,True,False,True,False,3,826,14598.31,True,2.182553,2.150123,2.178158,2.149503,2.175685,2.1672044
32,True,False,True,False,3,826,14598.31,True,2.149836,2.170317,2.187559,2.135183,2.156645,2.159908
34,True,False,True,False,3,826,14598.31,True,2.132251,2.133303,2.140955,2.132491,2.133026,2.1344052
36,True,False,True,False,3,826,14598.31,True,2.101212,2.142351,2.119133,2.110214,2.101764,2.1149347999999994
38,True,False,True,False,3,826,14598.31,True,2.08345,2.088704,2.10464,2.093881,2.095794,2.0932938
40,True,False,True,False,3,826,14598.31,True,2.089345,2.083477,2.131445,2.100952,2.079504,2.0969446
42,True,False,True,False,3,826,14598.31,True,2.114828,2.023451,2.093333,2.121456,2.088565,2.0883266
44,True,False,True,False,3,826,14598.31,True,2.070267,2.070371,2.094298,2.067345,2.064389,2.073334
46,True,False,True,False,3,826,14598.31,True,2.072475,2.05243,2.056943,2.009767,2.046031,2.0475292000000005
48,True,False,True,False,3,826,14598.31,True,2.075089,2.047865,2.053545,2.044515,2.055053,2.0552134000000004
50,True,False,True,False,3,826,14598.31,True,2.056725,2.01913,2.024818,1.961166,2.035889,2.0195456
52,True,False,True,False,3,826,14598.31,True,2.116972,2.0253,2.018634,2.002273,2.046219,2.0418796
54,True,False,True,False,3,826,14598.31,True,2.095017,1.995967,1.970248,2.015519,2.024702,2.0202906
56,True,False,True,False,3,826,14598.31,True,2.071569,2.06315,2.011096,2.001702,2.029759,2.0354552000000004
2,True,True,False,False,3,826,14598.31,True,16.73249,16.68162,16.7212,16.68714,16.6136,16.68721
4,True,True,False,False,3,826,14598.31,True,8.946229,8.84901,8.818218,8.838764,8.871715,8.8647872
6,True,True,False,False,3,826,14598.31,True,6.117567,6.136176,6.142997,6.143656,6.196117,6.147302600000001
8,True,True,False,False,3,826,14598.31,True,4.889773,4.881272,4.912062,4.891261,4.882836,4.8914408
10,True,True,False,False,3,826,14598.31,True,4.171575,4.178914,4.145913,4.134907,4.153785,4.1570188
12,True,True,False,False,3,826,14598.31,True,3.841629,3.881236,3.815331,3.792607,3.81075,3.828310600000001
14,True,True,False,False,3,826,14598.31,True,3.584118,3.600899,3.5731,3.545499,3.543407,3.5694046
16,True,True,False,False,3,826,14598.31,True,3.517916,3.453448,3.449957,3.476752,3.475695,3.4747536
18,True,True,False,False,3,826,14598.31,True,3.355073,3.386558,3.404755,3.359977,3.408514,3.3829754000000003
20,True,True,False,False,3,826,14598.31,True,3.312826,3.280964,3.292916,3.292533,3.27599,3.2910458000000005
22,True,True,False,False,3,826,14598.31,True,3.55118,3.226716,3.203176,3.219517,3.233377,3.2867932000000004
24,True,True,False,False,3,826,14598.31,True,3.153628,3.213656,3.15063,3.13346,3.246298,3.1795344
26,True,True,False,False,3,826,14598.31,True,3.018164,3.063278,3.050025,3.085751,3.057421,3.0549278
28,True,True,False,False,3,826,14598.31,True,3.115372,3.062578,3.03251,3.041843,3.025323,3.0555252
30,True,True,False,False,3,826,14598.31,True,3.197599,2.628875,2.668017,2.719942,2.685421,2.7799708
32,True,True,False,False,3,826,14598.31,True,2.543856,2.529722,2.512703,2.570529,2.542537,2.5398694
34,True,True,False,False,3,826,14598.31,True,2.431981,2.373183,2.364101,2.366447,2.774135,2.4619694
36,True,True,False,False,3,826,14598.31,True,2.272805,2.26412,2.602032,2.326271,2.320375,2.3571206
38,True,True,False,False,3,826,14598.31,True,2.254628,2.244645,2.180726,2.265462,2.223452,2.2337826
40,True,True,False,False,3,826,14598.31,True,2.291148,2.208767,2.196462,2.19531,2.238398,2.226017
42,True,True,False,False,3,826,14598.31,True,2.243111,2.149801,2.151003,2.107625,2.078035,2.145915
44,True,True,False,False,3,826,14598.31,True,2.089823,2.084728,2.067595,2.030521,2.086223,2.071778
46,True,True,False,False,3,826,14598.31,True,2.003587,2.07384,2.014025,2.090092,2.072693,2.0508474
48,True,True,False,False,3,826,14598.31,True,2.037389,2.067933,2.001417,2.093297,2.027129,2.045433
50,True,True,False,False,3,826,14598.31,True,1.938014,1.959609,2.090566,1.994962,2.015871,1.9998044
52,True,True,False,False,3,826,14598.31,True,1.996356,1.974672,1.985441,2.004171,2.030255,1.998179
54,True,True,False,False,3,826,14598.31,True,1.975052,1.991225,1.931962,1.977277,2.004787,1.9760606
56,True,True,False,False,3,826,14598.31,True,2.049476,2.006546,2.040773,2.011061,2.095028,2.0405768
2,True,False,False,True,3,826,14598.31,True,15.72276,15.70418,15.6782,15.40596,16.05253,15.712726
4,True,False,False,True,3,826,14598.31,True,8.153785,8.364377,8.400938,8.150922,8.217547,8.257513799999998
6,True,False,False,True,3,826,14598.31,True,5.857524,5.772404,5.744959,5.779805,5.847477,5.8004338
8,True,False,False,True,3,826,14598.31,True,4.47192,4.38944,4.436527,4.452206,4.462503,4.4425192
10,True,False,False,True,3,826,14598.31,True,3.720978,3.708276,3.713062,3.704916,3.718035,3.7130534000000006
12,True,False,False,True,3,826,14598.31,True,3.258334,3.225544,3.241353,3.238642,3.21609,3.2359926000000003
14,True,False,False,True,3,826,14598.31,True,2.953243,2.94236,2.917033,2.953057,2.91408,2.9359546
16,True,False,False,True,3,826,14598.31,True,2.768508,2.739817,2.759289,2.72249,2.805394,2.7590996
18,True,False,False,True,3,826,14598.31,True,2.662324,2.6206,2.637735,2.665056,2.614506,2.6400442
20,True,False,False,True,3,826,14598.31,True,2.558441,2.557301,2.522711,2.520986,2.569309,2.5457496
22,True,False,False,True,3,826,14598.31,True,2.521509,2.464705,2.467527,2.478246,2.487958,2.483989
24,True,False,False,True,3,826,14598.31,True,2.487211,2.442459,2.554512,2.4849,2.39695,2.4732064
26,True,False,False,True,3,826,14598.31,True,2.448663,2.450461,2.452164,2.436041,2.412647,2.4399952
28,True,False,False,True,3,826,14598.31,True,2.392973,2.431624,2.471222,2.422371,2.442774,2.4321928
30,True,False,False,True,3,826,14598.31,True,2.405404,2.416284,2.405654,2.353527,2.362,2.3885738
32,True,False,False,True,3,826,14598.31,True,2.350385,2.420876,2.349999,2.377287,2.342521,2.3682136
34,True,False,False,True,3,826,14598.31,True,2.35849,2.3746,2.335946,2.393697,2.399254,2.3723974
36,True,False,False,True,3,826,14598.31,True,2.287803,2.364043,2.331104,2.324786,2.320993,2.3257458
38,True,False,False,True,3,826,14598.31,True,2.301371,2.314411,2.32216,2.340756,2.27045,2.3098296
40,True,False,False,True,3,826,14598.31,True,2.300082,2.296182,2.340993,2.29465,2.271795,2.3007404
42,True,False,False,True,3,826,14598.31,True,2.33031,2.382242,2.337291,2.346257,2.301389,2.3394978
44,True,False,False,True,3,826,14598.31,True,2.324978,2.312457,2.311574,2.288591,2.290276,2.3055752000000003
46,True,False,False,True,3,826,14598.31,True,2.291251,2.286079,2.301632,2.32632,2.275959,2.2962482
48,True,False,False,True,3,826,14598.31,True,2.317478,2.365417,2.342454,2.357581,2.376568,2.3518996000000003
50,True,False,False,True,3,826,14598.31,True,2.335144,2.235034,2.294389,2.30957,2.325091,2.2998456000000003
52,True,False,False,True,3,826,14598.31,True,2.337928,2.307255,2.396061,2.367003,2.334189,2.3484872
54,True,False,False,True,3,826,14598.31,True,2.372577,2.31858,2.407991,2.321432,2.335904,2.3512968
56,True,False,False,True,3,826,14598.31,True,2.435663,2.359103,2.395275,2.435286,2.360979,2.3972612
2,False,True,False,False,2,826,14598.31,True,16.71834,16.46816,16.86076,16.66152,16.74084,16.689924
4,False,True,False,False,2,826,14598.31,True,8.714849,8.689663,8.649474,8.656686,8.725123,8.687159
6,False,True,False,False,2,826,14598.31,True,6.070057,6.035704,6.088943,6.020677,6.018585,6.046793200000001
8,False,True,False,False,2,826,14598.31,True,4.857429,4.870134,4.906042,4.863872,4.805495,4.8605944
10,False,True,False,False,2,826,14598.31,True,4.142438,4.165453,4.154031,4.165427,4.18595,4.1626598
12,False,True,False,False,2,826,14598.31,True,4.228287,3.827772,3.855396,3.897166,3.871653,3.9360548
14,False,True,False,False,2,826,14598.31,True,3.674168,3.706732,3.64051,3.605592,3.614522,3.6483048
16,False,True,False,False,2,826,14598.31,True,3.558908,3.523886,3.597853,3.553507,3.556056,3.5580420000000004
18,False,True,False,False,2,826,14598.31,True,3.375206,3.408309,3.437932,3.465435,3.438464,3.4250692000000003
20,False,True,False,False,2,826,14598.31,True,3.33289,3.310205,3.317961,3.341421,3.318484,3.3241922
22,False,True,False,False,2,826,14598.31,True,3.237642,3.272023,3.242093,3.286767,3.321361,3.2719772
24,False,True,False,False,2,826,14598.31,True,3.145652,3.206618,3.175902,3.162234,3.721502,3.2823816
26,False,True,False,False,2,826,14598.31,True,3.114166,3.062001,3.086786,3.119759,3.090232,3.0945888
28,False,True,False,False,2,826,14598.31,True,3.058105,3.048529,3.177219,3.021291,3.089933,3.0790154000000003
30,False,True,False,False,2,826,14598.31,True,2.775477,2.745244,2.768758,3.235725,2.806392,2.8663192000000004
32,False,True,False,False,2,826,14598.31,True,3.122808,2.581333,2.532724,2.648844,2.637178,2.7045774
34,False,True,False,False,2,826,14598.31,True,2.904908,2.414976,2.385317,2.719673,2.382604,2.5614956
36,False,True,False,False,2,826,14598.31,True,2.449112,2.349337,2.324911,2.326493,2.327619,2.3554944000000004
38,False,True,False,False,2,826,14598.31,True,2.51749,2.208201,2.269184,2.246003,2.267952,2.301766
40,False,True,False,False,2,826,14598.31,True,2.188715,2.180972,2.233879,2.180297,2.199184,2.1966094
42,False,True,False,False,2,826,14598.31,True,2.218222,2.205795,2.181794,2.209654,2.237491,2.2105912
44,False,True,False,False,2,826,14598.31,True,2.158909,2.045745,2.111777,2.15183,2.08728,2.1111082
46,False,True,False,False,2,826,14598.31,True,2.102805,2.038506,2.070083,2.107741,2.015542,2.0669354
48,False,True,False,False,2,826,14598.31,True,1.92451,2.053492,2.014271,2.054384,2.066572,2.0226458000000003
50,False,True,False,False,2,826,14598.31,True,1.911073,2.077066,2.033503,2.105169,2.044325,2.0342272
52,False,True,False,False,2,826,14598.31,True,2.053853,2.057641,2.067513,2.035977,1.996527,2.0423022000000004
54,False,True,False,False,2,826,14598.31,True,1.957917,2.013691,2.031657,1.951584,1.971377,1.9852452
56,False,True,False,False,2,826,14598.31,True,2.039827,2.126332,1.998884,2.027623,2.113466,2.0612264
2,False,False,True,False,2,826,14598.31,True,15.28036,15.51091,15.46227,15.34487,15.3476,15.389202
4,False,False,True,False,2,826,14598.31,True,8.328421,7.96152,7.975213,7.980593,8.128121,8.0747736
6,False,False,True,False,2,826,14598.31,True,5.586413,5.609757,5.623842,5.636181,5.591127,5.609464
8,False,False,True,False,2,826,14598.31,True,4.363942,4.281268,4.364533,4.331425,4.316125,4.3314586
10,False,False,True,False,2,826,14598.31,True,3.56994,3.55866,3.57989,3.566108,3.647378,3.5843952000000003
12,False,False,True,False,2,826,14598.31,True,3.041291,3.077693,3.088087,3.094615,3.088702,3.0780776
14,False,False,True,False,2,826,14598.31,True,2.795849,2.808285,2.83782,2.833613,2.797814,2.8146762
16,False,False,True,False,2,826,14598.31,True,2.586523,2.68733,2.594452,2.619028,2.610644,2.619595400000001
18,False,False,True,False,2,826,14598.31,True,2.480557,2.478946,2.46878,2.52095,2.484476,2.4867418
20,False,False,True,False,2,826,14598.31,True,2.40629,2.397355,2.39989,2.402671,2.366134,2.3944680000000003
22,False,False,True,False,2,826,14598.31,True,2.353273,2.327758,2.317988,2.348256,2.338316,2.3371182
24,False,False,True,False,2,826,14598.31,True,2.201689,2.286353,2.282916,2.284997,2.302966,2.2717842
26,False,False,True,False,2,826,14598.31,True,2.242352,2.237138,2.152534,2.219769,2.230021,2.2163628
28,False,False,True,False,2,826,14598.31,True,2.214138,2.218849,2.21296,2.211372,2.185611,2.208586
30,False,False,True,False,2,826,14598.31,True,2.226639,2.167569,2.15024,2.168759,2.170588,2.176759
32,False,False,True,False,2,826,14598.31,True,2.191408,2.149211,2.164747,2.088555,2.198269,2.158438
34,False,False,True,False,2,826,14598.31,True,2.104219,2.118044,2.096953,2.191623,2.13081,2.1283298000000004
36,False,False,True,False,2,826,14598.31,True,2.112021,2.05584,2.114149,2.115909,2.142859,2.1081556
38,False,False,True,False,2,826,14598.31,True,2.09948,2.115183,2.094549,2.088788,2.117302,2.1030604
40,False,False,True,False,2,826,14598.31,True,2.05691,2.073365,2.145191,2.120195,2.081173,2.0953668
42,False,False,True,False,2,826,14598.31,True,2.034395,2.099598,2.103939,2.110464,2.119671,2.0936134
44,False,False,True,False,2,826,14598.31,True,2.129012,2.075972,2.069742,2.081886,2.07652,2.0866264
46,False,False,True,False,2,826,14598.31,True,2.05935,2.054898,2.059341,2.037386,2.034973,2.0491896
48,False,False,True,False,2,826,14598.31,True,2.050113,2.04541,2.077635,1.989748,2.048379,2.042257
50,False,False,True,False,2,826,14598.31,True,1.867844,2.019387,2.05111,2.035269,2.068574,2.0084368
52,False,False,True,False,2,826,14598.31,True,2.052828,2.052146,2.051347,2.036851,2.01471,2.0415764000000003
54,False,False,True,False,2,826,14598.31,True,2.029231,2.028414,2.283144,2.036762,1.978751,2.0712604
56,False,False,True,False,2,826,14598.31,True,1.914857,2.088207,2.072958,2.029487,2.010379,2.0231776
2,False,False,False,True,2,826,14598.31,True,15.27733,15.45207,15.45479,15.79335,15.4517,15.485848
4,False,False,False,True,2,826,14598.31,True,8.048771,8.055946,8.001363,8.041884,8.148936,8.05938
6,False,False,False,True,2,826,14598.31,True,5.632789,5.666642,5.735107,5.65383,5.713616,5.6803968
8,False,False,False,True,2,826,14598.31,True,4.372392,4.298728,4.387463,4.439431,4.392867,4.3781762
10,False,False,False,True,2,826,14598.31,True,3.648537,3.678488,3.671763,3.68693,3.66614,3.6703716
12,False,False,False,True,2,826,14598.31,True,3.214057,3.161808,3.204009,3.187336,3.19158,3.191758
14,False,False,False,True,2,826,14598.31,True,2.981691,2.903275,2.912793,2.908549,2.973717,2.936005
16,False,False,False,True,2,826,14598.31,True,2.768173,2.787481,2.739887,2.741479,2.722849,2.7519738
18,False,False,False,True,2,826,14598.31,True,2.57382,2.637928,2.66548,2.611256,2.632132,2.6241232
20,False,False,False,True,2,826,14598.31,True,2.515307,2.572931,2.565852,2.549306,2.574648,2.5556088
22,False,False,False,True,2,826,14598.31,True,2.335971,2.496341,2.474746,2.48869,2.527093,2.4645682
24,False,False,False,True,2,826,14598.31,True,2.536012,2.471841,2.513945,2.49284,2.509048,2.5047372
26,False,False,False,True,2,826,14598.31,True,2.455093,2.514249,2.437851,2.488999,2.49103,2.4774444000000004
28,False,False,False,True,2,826,14598.31,True,2.295423,2.478248,2.417243,2.445847,2.511062,2.4295646
30,False,False,False,True,2,826,14598.31,True,2.208752,2.372022,2.380287,2.454704,2.370453,2.3572436
32,False,False,False,True,2,826,14598.31,True,2.357433,2.388597,2.438311,2.398586,2.367366,2.3900586
34,False,False,False,True,2,826,14598.31,True,2.463052,2.338274,2.377668,2.4001,2.350736,2.385966
36,False,False,False,True,2,826,14598.31,True,2.380741,2.370494,2.302516,2.343849,2.359775,2.351475
38,False,False,False,True,2,826,14598.31,True,2.324519,2.325634,2.381434,2.30078,2.329537,2.3323808
40,False,False,False,True,2,826,14598.31,True,2.365813,2.337971,2.294951,2.294538,2.31155,2.3209646000000004
42,False,False,False,True,2,826,14598.31,True,2.429682,2.378244,2.375113,2.435721,2.436853,2.4111226
44,False,False,False,True,2,826,14598.31,True,2.368359,2.376161,2.379474,2.351747,2.41075,2.3772982
46,False,False,False,True,2,826,14598.31,True,2.349979,2.35902,2.315937,2.388219,2.402661,2.3631632
48,False,False,False,True,2,826,14598.31,True,2.225041,2.394938,2.33928,2.456329,2.383678,2.3598532
50,False,False,False,True,2,826,14598.31,True,2.395857,2.418567,2.357677,2.397262,2.386487,2.39117
52,False,False,False,True,2,826,14598.31,True,2.38937,2.35094,2.359581,2.443332,2.373262,2.383297
54,False,False,False,True,2,826,14598.31,True,2.283353,2.38431,2.470801,2.376586,2.417014,2.3864128
56,False,False,False,True,2,826,14598.31,True,2.393116,2.469933,2.39784,2.518544,2.434726,2.4428318
2,False,True,False,False,3,1648,58203.93,False,247.3956,248.0502,247.5409,0.0,0.0,148.59733999999995
4,False,True,False,False,3,1648,58203.93,True,126.5452,126.5732,127.2501,125.9633,127.259,126.71816
6,False,True,False,False,3,1648,58203.93,True,92.69128,92.94122,92.91528,92.67271,92.24027,92.692152
8,False,True,False,False,3,1648,58203.93,True,77.79781,78.10685,77.42394,77.84642,78.01413,77.83783000000001
10,False,True,False,False,3,1648,58203.93,True,70.52371,69.95404,70.12452,70.03363,70.47144,70.221468
12,False,True,False,False,3,1648,58203.93,True,70.30929,67.50144,67.62081,67.56239,68.1043,68.21964599999998
14,False,True,False,False,3,1648,58203.93,True,67.37481,66.82571,66.63897,70.09841,66.90598,67.568776
16,False,True,False,False,3,1648,58203.93,True,67.37079,67.19568,67.35701,67.72192,67.39219,67.40751800000001
18,False,True,False,False,3,1648,58203.93,True,67.43714,67.75184,67.69847,67.48316,67.32269,67.53866000000001
20,False,True,False,False,3,1648,58203.93,True,67.87675,67.65251,67.15073,66.91166,67.1167,67.34167
22,False,True,False,False,3,1648,58203.93,True,66.89914,67.03966,70.00911,67.32247,67.14663,67.68340200000002
24,False,True,False,False,3,1648,58203.93,True,67.417,67.37956,67.82816,67.43107,67.44927,67.501012
26,False,True,False,False,3,1648,58203.93,True,67.37696,67.38823,67.26222,67.35453,67.34397,67.345182
28,False,True,False,False,3,1648,58203.93,True,71.73706,67.63095,67.78431,67.84656,67.68799,68.537374
30,False,True,False,False,3,1648,58203.93,True,62.85977,62.682,62.97165,63.0517,63.05759,62.924542
32,False,True,False,False,3,1648,58203.93,True,61.33413,60.58693,60.38621,60.75343,60.62343,60.73682600000001
34,False,True,False,False,3,1648,58203.93,True,56.24363,56.18369,55.97009,56.10371,58.55446,56.611116
36,False,True,False,False,3,1648,58203.93,True,55.67775,52.8059,53.08591,53.15018,52.76845,53.49763800000001
38,False,True,False,False,3,1648,58203.93,True,50.07182,50.16329,50.37353,50.24138,50.45552,50.261108
40,False,True,False,False,3,1648,58203.93,True,48.0059,47.70273,47.65893,47.72671,48.12634,47.844122
42,False,True,False,False,3,1648,58203.93,True,46.38605,45.79778,45.45339,46.29182,46.11666,46.00914
44,False,True,False,False,3,1648,58203.93,True,43.3841,43.82776,43.78831,43.54949,43.51627,43.613186
46,False,True,False,False,3,1648,58203.93,True,42.02822,42.67127,42.52212,42.3906,42.44843,42.412128
48,False,True,False,False,3,1648,58203.93,True,40.33975,40.49012,41.98552,43.20332,40.30139,41.26402
50,False,True,False,False,3,1648,58203.93,True,38.49322,38.49506,38.5943,38.33212,38.36996,38.456932
52,False,True,False,False,3,1648,58203.93,True,37.40215,37.5094,37.18415,37.12426,37.18486,37.280964
54,False,True,False,False,3,1648,58203.93,True,36.37639,36.60778,36.32944,36.78779,36.13225,36.44673
56,False,True,False,False,3,1648,58203.93,True,38.41755,38.02379,38.13922,39.19411,37.4832,38.25157399999999
2,True,True,False,False,4,1648,58203.93,False,248.7711,249.3445,248.4442,0.0,0.0,149.31196
4,True,True,False,False,4,1648,58203.93,True,127.5911,127.801,127.5201,127.7649,127.3104,127.5975
6,True,True,False,False,4,1648,58203.93,True,92.87768,92.98818,93.46621,93.27179,93.08801,93.138374
8,True,True,False,False,4,1648,58203.93,True,78.40369,78.09879,78.31104,78.2509,78.42639,78.298162
10,True,True,False,False,4,1648,58203.93,True,70.64289,69.92435,70.37387,70.15238,70.65662,70.350022
12,True,True,False,False,4,1648,58203.93,True,68.23245,67.71491,67.9819,67.82025,68.02701,67.955304
14,True,True,False,False,4,1648,58203.93,True,66.77109,67.23298,67.30266,66.74003,67.43766,67.096884
16,True,True,False,False,4,1648,58203.93,True,67.18807,67.64146,67.38508,67.10608,67.60578,67.385294
18,True,True,False,False,4,1648,58203.93,True,67.22438,66.90343,66.88146,67.46009,67.19763,67.133398
20,True,True,False,False,4,1648,58203.93,True,66.73204,67.01986,67.31578,66.87863,67.0666,67.00258199999999
22,True,True,False,False,4,1648,58203.93,True,67.18821,67.31169,67.80972,67.23832,66.96433,67.302454
24,True,True,False,False,4,1648,58203.93,True,67.54075,67.20754,67.23291,67.25747,67.39397,67.32652800000001
26,True,True,False,False,4,1648,58203.93,True,67.32487,67.37771,67.91232,67.46281,67.15518,67.446578
28,True,True,False,False,4,1648,58203.93,True,67.67326,67.7298,67.78328,67.48782,67.81193,67.69721799999999
30,True,True,False,False,4,1648,58203.93,True,64.24288,63.26181,62.97472,63.00521,62.85664,63.268252
32,True,True,False,False,4,1648,58203.93,True,61.4005,59.86089,61.09225,60.66238,60.83911,60.771026000000006
34,True,True,False,False,4,1648,58203.93,True,56.26562,56.24673,56.21345,55.65951,56.14303,56.105668
36,True,True,False,False,4,1648,58203.93,True,53.59378,52.35423,52.40631,52.75756,53.114,52.845176
38,True,True,False,False,4,1648,58203.93,True,50.88766,50.17767,49.80736,50.12334,50.2849,50.25618599999999
40,True,True,False,False,4,1648,58203.93,True,48.49455,47.45631,48.14938,47.97185,47.81395,47.977208000000005
42,True,True,False,False,4,1648,58203.93,True,47.09363,45.47361,45.58897,45.2728,44.97236,45.680274
44,True,True,False,False,4,1648,58203.93,True,44.06518,43.15892,43.088,42.99965,43.38841,43.340032
46,True,True,False,False,4,1648,58203.93,True,42.09315,41.27977,41.14955,41.14737,41.52645,41.439258
48,True,True,False,False,4,1648,58203.93,True,40.12168,39.59944,39.53058,40.05215,39.95577,39.851924
50,True,True,False,False,4,1648,58203.93,True,38.69282,37.98229,38.00406,37.92304,37.7755,38.075542
52,True,True,False,False,4,1648,58203.93,True,36.44996,36.42862,36.76047,36.63069,36.50869,36.555686
54,True,True,False,False,4,1648,58203.93,True,35.04454,35.26671,34.98458,35.11512,35.34803,35.151796
56,True,True,False,False,4,1648,58203.93,True,34.93161,35.22581,35.14483,35.26297,35.06337,35.125718
2,False,False,True,False,3,1648,58203.93,False,239.1175,238.2863,238.8711,0.0,0.0,143.25498000000002
4,False,False,True,False,3,1648,58203.93,True,122.8899,123.3371,123.6458,123.7485,122.8066,123.28558
6,False,False,True,False,3,1648,58203.93,True,83.24962,83.68079,83.61005,83.75688,83.80966,83.6214
8,False,False,True,False,3,1648,58203.93,True,64.43118,64.69229,64.37557,64.44544,64.35585,64.46006600000001
10,False,False,True,False,3,1648,58203.93,True,53.36536,53.82651,53.69915,53.62311,53.20245,53.543316
12,False,False,True,False,3,1648,58203.93,True,46.68762,46.77083,46.7811,46.99145,47.17389,46.880978
14,False,False,True,False,3,1648,58203.93,True,42.91084,42.5027,42.70478,42.74765,42.61597,42.696388
16,False,False,True,False,3,1648,58203.93,True,40.03728,40.34585,40.49614,40.138,40.20918,40.24529
18,False,False,True,False,3,1648,58203.93,True,37.51904,37.23476,37.47865,37.72862,37.68564,37.529342
20,False,False,True,False,3,1648,58203.93,True,36.59199,36.18865,35.79819,35.98682,36.30792,36.174714
22,False,False,True,False,3,1648,58203.93,True,37.31466,37.27893,37.15336,37.28927,37.16999,37.241242
24,False,False,True,False,3,1648,58203.93,True,36.9951,35.76861,36.81066,35.90892,36.26875,36.350408
26,False,False,True,False,3,1648,58203.93,True,35.97261,36.06364,36.19931,36.35152,36.44156,36.205728
28,False,False,True,False,3,1648,58203.93,True,35.24968,35.20882,36.1896,36.43659,36.04936,35.82681
30,False,False,True,False,3,1648,58203.93,True,36.55341,36.31541,36.98967,36.44318,36.41286,36.542906
32,False,False,True,False,3,1648,58203.93,True,37.15674,37.39375,38.06788,35.70271,37.33889,37.131994
34,False,False,True,False,3,1648,58203.93,True,36.10403,36.38015,36.12018,35.93461,36.78398,36.26459
36,False,False,True,False,3,1648,58203.93,True,36.31606,36.0121,35.49961,36.53216,36.80304,36.232594
38,False,False,True,False,3,1648,58203.93,True,36.48509,35.36902,36.90404,36.07081,36.72267,36.310326
40,False,False,True,False,3,1648,58203.93,True,36.05763,35.06858,36.2947,36.9519,35.95728,36.066018
42,False,False,True,False,3,1648,58203.93,True,34.60957,34.35764,34.61666,34.76345,34.74426,34.618316
44,False,False,True,False,3,1648,58203.93,True,34.78111,34.72225,34.46924,34.34857,34.9442,34.653074
46,False,False,True,False,3,1648,58203.93,True,34.86943,34.86328,34.68297,34.68928,34.72977,34.766946000000004
48,False,False,True,False,3,1648,58203.93,True,34.77007,35.41824,34.83469,35.23685,35.41411,35.134792
50,False,False,True,False,3,1648,58203.93,True,34.44122,35.01168,35.00017,35.51243,35.0799,35.00908
52,False,False,True,False,3,1648,58203.93,True,35.17547,35.07094,35.52549,35.03103,35.38468,35.237522
54,False,False,True,False,3,1648,58203.93,True,35.30215,35.00205,35.56,35.37306,34.34278,35.116008
56,False,False,True,False,3,1648,58203.93,True,35.85458,35.67374,34.71821,35.39585,35.053,35.339076
2,False,False,False,True,3,1648,58203.93,False,239.0052,240.3165,238.3208,0.0,0.0,143.52849999999998
4,False,False,False,True,3,1648,58203.93,True,123.759,124.1958,123.461,123.892,123.9002,123.8416
6,False,False,False,True,3,1648,58203.93,True,83.84322,84.40676,84.07647,84.0357,83.58039,83.988508
8,False,False,False,True,3,1648,58203.93,True,64.93871,64.96336,65.4883,64.6049,65.0403,65.00711399999999
10,False,False,False,True,3,1648,58203.93,True,54.65438,54.95282,54.3188,54.38699,54.48551,54.5597
12,False,False,False,True,3,1648,58203.93,True,47.40653,47.52249,47.67906,47.48609,47.83984,47.586802
14,False,False,False,True,3,1648,58203.93,True,43.67666,43.91825,44.51103,44.09642,44.62418,44.165308
16,False,False,False,True,3,1648,58203.93,True,41.61971,41.74182,42.60914,42.24823,41.90261,42.024302
18,False,False,False,True,3,1648,58203.93,True,38.82888,39.73272,39.31409,38.59838,39.40891,39.176596
20,False,False,False,True,3,1648,58203.93,True,37.72686,37.98233,38.82631,37.30559,38.42926,38.05407
22,False,False,False,True,3,1648,58203.93,True,37.04016,38.32595,37.88411,36.97647,38.35217,37.715772
24,False,False,False,True,3,1648,58203.93,True,38.27547,38.17506,38.10192,37.84793,37.80643,38.041362
26,False,False,False,True,3,1648,58203.93,True,40.16609,38.1346,37.20095,37.37619,37.37264,38.050094
28,False,False,False,True,3,1648,58203.93,True,37.33897,38.23235,37.14009,39.62491,37.9287,38.053004
30,False,False,False,True,3,1648,58203.93,True,39.58603,38.26796,39.76797,37.37133,37.10188,38.419034
32,False,False,False,True,3,1648,58203.93,True,37.71143,41.02574,38.62533,37.55535,38.51138,38.685846
34,False,False,False,True,3,1648,58203.93,True,37.74831,39.08063,36.16892,37.09448,38.43767,37.706002
36,False,False,False,True,3,1648,58203.93,True,38.01864,38.97541,39.07861,41.60426,37.69306,39.073996
38,False,False,False,True,3,1648,58203.93,True,38.02917,37.26267,38.102,40.45319,43.63475,39.496356000000006
40,False,False,False,True,3,1648,58203.93,True,38.66045,39.16726,41.34116,42.18302,38.966,40.063578
42,False,False,False,True,3,1648,58203.93,True,38.70593,39.13338,39.42117,39.13006,38.99558,39.077224
44,False,False,False,True,3,1648,58203.93,True,39.47728,39.46692,38.49767,39.2067,37.98533,38.92678
46,False,False,False,True,3,1648,58203.93,True,41.53035,41.20672,42.86701,38.34141,38.86094,40.561286
48,False,False,False,True,3,1648,58203.93,True,45.35568,40.53975,43.97419,47.37522,40.23866,43.4967
50,False,False,False,True,3,1648,58203.93,True,40.87463,47.18316,43.69542,42.69232,45.35359,43.959824000000005
52,False,False,False,True,3,1648,58203.93,True,45.1427,41.90458,46.74061,41.20222,46.59164,44.31635
54,False,False,False,True,3,1648,58203.93,True,43.31545,43.79871,42.79064,44.17493,44.55781,43.727508
56,False,False,False,True,3,1648,58203.93,True,47.13687,42.03825,47.2755,46.46752,43.54937,45.293502
8,True,False,True,False,4,1648,58203.93,True,65.00514,65.03019,64.74819,64.52172,65.00343,64.86173399999998
10,True,False,True,False,4,1648,58203.93,True,53.89953,54.15749,53.85027,54.4338,54.0695,54.082118
12,True,False,True,False,4,1648,58203.93,True,47.36676,47.4093,47.15039,47.16081,47.23675,47.264802
14,True,False,True,False,4,1648,58203.93,True,43.35648,43.02641,42.97519,43.32023,43.62013,43.259688
16,True,False,True,False,4,1648,58203.93,True,40.18219,40.65946,40.70338,40.41872,40.1952,40.43179
18,True,False,True,False,4,1648,58203.93,True,37.98232,38.11887,38.22626,37.81093,37.93444,38.01456399999999
20,True,False,True,False,4,1648,58203.93,True,36.34542,36.70128,36.52643,36.64938,36.38945,36.522392
22,True,False,True,False,4,1648,58203.93,True,35.69576,35.95561,36.11776,35.8533,35.91896,35.908278
24,True,False,True,False,4,1648,58203.93,True,35.35262,35.50988,35.16907,35.31015,35.71712,35.411768
26,True,False,True,False,4,1648,58203.93,True,34.81165,34.87594,34.9204,35.03734,35.03312,34.93569
28,True,False,True,False,4,1648,58203.93,True,34.78088,34.86771,35.2284,35.09337,34.6244,34.918952000000004
30,True,False,True,False,4,1648,58203.93,True,35.02533,34.71958,35.19005,34.43072,34.47403,34.767942
32,True,False,True,False,4,1648,58203.93,True,35.12831,35.97815,35.25832,35.07861,35.77981,35.44464
34,True,False,True,False,4,1648,58203.93,True,34.50841,35.09444,34.60949,34.77013,34.93225,34.782944
36,True,False,True,False,4,1648,58203.93,True,34.39509,34.54613,34.33769,34.71318,34.77135,34.552688
38,True,False,True,False,4,1648,58203.93,True,34.79414,34.83182,34.88785,34.31926,34.24314,34.615242
40,True,False,True,False,4,1648,58203.93,True,34.76418,34.99452,34.69534,34.62914,34.6211,34.740855999999994
42,True,False,True,False,4,1648,58203.93,True,34.88842,34.61869,34.94815,34.69606,35.19165,34.868594
44,True,False,True,False,4,1648,58203.93,True,34.79118,34.37094,34.8511,34.49215,34.73119,34.647312
46,True,False,True,False,4,1648,58203.93,True,34.43079,35.32885,34.7711,34.51397,35.14683,34.838308
48,True,False,True,False,4,1648,58203.93,True,34.69356,35.26636,34.95705,34.92762,34.71983,34.912884
50,True,False,True,False,4,1648,58203.93,True,34.93954,34.45317,34.8797,34.69407,34.54807,34.70291
52,True,False,True,False,4,1648,58203.93,True,35.02887,34.84976,34.87262,34.64575,34.55079,34.789558
54,True,False,True,False,4,1648,58203.93,True,35.03898,34.67755,35.00644,34.98048,34.94702,34.930094000000004
56,True,False,True,False,4,1648,58203.93,True,35.38625,35.19214,35.53288,35.16825,36.16029,35.487962
8,True,False,False,True,4,1648,58203.93,True,65.93856,66.01767,66.27691,65.64484,66.07214,65.99002399999999
10,True,False,False,True,4,1648,58203.93,True,55.31476,55.47699,55.22359,55.45356,55.05455,55.30469000000001
12,True,False,False,True,4,1648,58203.93,True,48.79247,49.11897,48.79952,49.92349,48.84916,49.096722
14,True,False,False,True,4,1648,58203.93,True,44.71542,44.50539,45.25375,45.27275,45.33792,45.017046
16,True,False,False,True,4,1648,58203.93,True,42.61878,42.58885,42.87637,43.241,43.31996,42.928992
18,True,False,False,True,4,1648,58203.93,True,40.77929,40.75714,41.23024,40.1541,40.10483,40.60512
20,True,False,False,True,4,1648,58203.93,True,40.40281,39.90982,39.06917,39.32428,39.27285,39.595786
22,True,False,False,True,4,1648,58203.93,True,39.04872,39.39137,39.74715,38.91376,38.20987,39.062174
24,True,False,False,True,4,1648,58203.93,True,38.35189,38.72022,39.6014,38.04465,38.61429,38.66649
26,True,False,False,True,4,1648,58203.93,True,37.55898,39.90595,39.36689,38.72215,39.46477,39.003748
28,True,False,False,True,4,1648,58203.93,True,39.09923,41.77672,37.97066,42.06868,39.53998,40.091054
30,True,False,False,True,4,1648,58203.93,True,42.22079,39.51016,39.80761,38.67804,39.18308,39.879936
32,True,False,False,True,4,1648,58203.93,True,41.75114,41.77713,42.44207,39.52083,42.05879,41.509992
34,True,False,False,True,4,1648,58203.93,True,40.4952,41.13328,40.18561,42.45569,39.57121,40.768198
36,True,False,False,True,4,1648,58203.93,True,39.10353,42.13482,42.80057,39.17796,46.16648,41.876672
38,True,False,False,True,4,1648,58203.93,True,41.5814,39.47604,40.84879,42.87978,41.9781,41.35282199999999
40,True,False,False,True,4,1648,58203.93,True,42.45019,46.75479,44.743,46.75869,41.94344,44.530022
42,True,False,False,True,4,1648,58203.93,True,43.2885,43.29448,40.02181,45.65677,41.55808,42.763928
44,True,False,False,True,4,1648,58203.93,True,42.14055,40.66781,43.29006,43.09132,44.34251,42.70645
46,True,False,False,True,4,1648,58203.93,True,46.97297,41.68141,45.2791,43.26519,40.74547,43.588828
48,True,False,False,True,4,1648,58203.93,True,46.77182,42.10045,44.88019,45.62363,43.70663,44.61654399999999
50,True,False,False,True,4,1648,58203.93,True,42.1722,47.34173,44.09249,50.83116,44.45634,45.778784
52,True,False,False,True,4,1648,58203.93,True,44.60544,42.22332,44.16352,45.98399,47.98498,44.99225
54,True,False,False,True,4,1648,58203.93,True,45.32591,45.8756,47.77542,41.33303,44.19499,44.90098999999999
56,True,False,False,True,4,1648,58203.93,True,41.9633,41.50647,43.42063,42.0147,44.48802,42.678624
